Champion,Region,Role(s),Lane(s),Icon,IconFile
Aatrox,Shurima,Juggernaut,Top,icons/Aatrox.webp,Aatrox.webp
Ahri,Ionia,Burst,Mid,icons/Ahri.webp,Ahri.webp
Akali,Ionia,Assassin,"Mid, Top",icons/Akali.webp,Akali.webp
Akshan,Shurima,"Marksman, Assassin",Mid,icons/Akshan.webp,Akshan.webp
Alistar,Noxus,Vanguard,Support,icons/Alistar.webp,Alistar.webp
Ambessa,Noxus,"Diver, Skirmisher",Top,icons/Ambessa.webp,Ambessa.webp
Amumu,Shurima,Vanguard,"Jungle, Support",icons/Amumu.webp,Amumu.webp
Anivia,Freljord,Battlemage,Mid,icons/Anivia.webp,Anivia.webp
Annie,Noxus,Burst,Mid,icons/Annie.webp,Annie.webp
Aphelios,Targon,Marksman,Bottom,icons/Aphelios.webp,Aphelios.webp
Ashe,Freljord,Marksman,"Bottom, Support",icons/Ashe.webp,Ashe.webp
Aurelion Sol,Targon,Battlemage,Mid,icons/Aurelion Sol.webp,Aurelion Sol.webp
Aurora,Freljord,"Burst, Assassin","Mid, Top",icons/Aurora.webp,Aurora.webp
Azir,Shurima,Specialist,Mid,icons/Azir.webp,Azir.webp
Bard,desconocido,Catcher,Support,icons/Bard.webp,Bard.webp
Bel'Veth,The void,Skirmisher,Jungle,icons/Bel'Veth.webp,Bel'Veth.webp
Blitzcrank,Zaun,Catcher,Support,icons/Blitzcrank.webp,Blitzcrank.webp
Brand,Freljord,Burst,"Jungle, Mid, Support",icons/Brand.webp,Brand.webp
Braum,Freljord,Warden,Support,icons/Braum.webp,Braum.webp
Briar,Noxus,Diver,Jungle,icons/Briar.webp,Briar.webp
Caitlyn,Piltover,Marksman,Bottom,icons/Caitlyn.webp,Caitlyn.webp
Camille,Piltover,Diver,"Support, Top",icons/Camille.webp,Camille.webp
Cassiopeia,Noxus,Battlemage,Mid,icons/Cassiopeia.webp,Cassiopeia.webp
Cho'Gath,The void,Specialist,Top,icons/Cho'Gath.webp,Cho'Gath.webp
Corki,Bandle city,Marksman,Mid,icons/Corki.webp,Corki.webp
Darius,Noxus,Juggernaut,Top,icons/Darius.webp,Darius.webp
Diana,Targon,"Assassin, Diver","Jungle, Mid",icons/Diana.webp,Diana.webp
Dr. Mundo,Zaun,Juggernaut,Top,icons/Dr. Mundo.webp,Dr. Mundo.webp
Draven,Noxus,Marksman,Bottom,icons/Draven.webp,Draven.webp
Ekko,Zaun,Assassin,"Jungle, Mid",icons/Ekko.webp,Ekko.webp
Elise,Shadow isles,Diver,Jungle,icons/Elise.webp,Elise.webp
Evelynn,desconocido,Assassin,Jungle,icons/Evelynn.webp,Evelynn.webp
Ezreal,Piltover,Marksman,Bottom,icons/Ezreal.webp,Ezreal.webp
Fiddlesticks,desconocido,Specialist,Jungle,icons/Fiddlesticks.webp,Fiddlesticks.webp
Fiora,Demacia,Skirmisher,Top,icons/Fiora.webp,Fiora.webp
Fizz,Bilgewater,Assassin,Mid,icons/Fizz.webp,Fizz.webp
Galio,Demacia,Warden,"Mid, Support",icons/Galio.webp,Galio.webp
Gangplank,Bilgewater,Specialist,Top,icons/Gangplank.webp,Gangplank.webp
Garen,Demacia,Juggernaut,Top,icons/Garen.webp,Garen.webp
Gnar,Freljord,Specialist,Top,icons/Gnar.webp,Gnar.webp
Gragas,Freljord,Vanguard,"Jungle, Mid, Top",icons/Gragas.webp,Gragas.webp
Graves,Bilgewater,Specialist,Jungle,icons/Graves.webp,Graves.webp
Gwen,Shadow isles,Skirmisher,"Jungle, Top",icons/Gwen.webp,Gwen.webp
Hecarim,Shadow isles,Diver,Jungle,icons/Hecarim.webp,Hecarim.webp
Heimerdinger,Piltover,Specialist,"Mid, Support, Top",icons/Heimerdinger.webp,Heimerdinger.webp
Hwei,Ionia,Artillery,"Mid, Support",icons/Hwei.webp,Hwei.webp
Illaoi,Bilgewater,Juggernaut,Top,icons/Illaoi.webp,Illaoi.webp
Irelia,Ionia,Diver,"Mid, Top",icons/Irelia.webp,Irelia.webp
Ivern,Ionia,Catcher,Jungle,icons/Ivern.webp,Ivern.webp
Janna,Zaun,Enchanter,Support,icons/Janna.webp,Janna.webp
Jarvan IV,Demacia,Diver,Jungle,icons/Jarvan IV.webp,Jarvan IV.webp
Jax,Shurima,Skirmisher,"Jungle, Top",icons/Jax.webp,Jax.webp
Jayce,Piltover,Artillery,"Mid, Top",icons/Jayce.webp,Jayce.webp
Jhin,Ionia,"Marksman, Catcher",Bottom,icons/Jhin.webp,Jhin.webp
Jinx,Zaun,Marksman,Bottom,icons/Jinx.webp,Jinx.webp
K'Sante,Shurima,"Warden, Skirmisher",Top,icons/K'Sante.webp,K'Sante.webp
Kai'Sa,The void,Marksman,Bottom,icons/Kai'Sa.webp,Kai'Sa.webp
Kalista,Shadow isles,Marksman,Bottom,icons/Kalista.webp,Kalista.webp
Karma,Ionia,"Burst, Enchanter","Mid, Support, Top",icons/Karma.webp,Karma.webp
Karthus,Shadow isles,Battlemage,Jungle,icons/Karthus.webp,Karthus.webp
Kassadin,The void,Assassin,Mid,icons/Kassadin.webp,Kassadin.webp
Katarina,Noxus,Assassin,Mid,icons/Katarina.webp,Katarina.webp
Kayle,Demacia,Specialist,Top,icons/Kayle.webp,Kayle.webp
Kayn,Ionia,Skirmisher,Jungle,icons/Kayn.webp,Kayn.webp
Kennen,Ionia,Specialist,Top,icons/Kennen.webp,Kennen.webp
Kha'Zix,The void,Assassin,Jungle,icons/Kha'Zix.webp,Kha'Zix.webp
Kindred,desconocido,Marksman,Jungle,icons/Kindred.webp,Kindred.webp
Kled,Noxus,Skirmisher,Top,icons/Kled.webp,Kled.webp
Kog'Maw,The void,Marksman,Bottom,icons/Kog'Maw.webp,Kog'Maw.webp
LeBlanc,Noxus,"Burst, Assassin",Mid,icons/LeBlanc.webp,LeBlanc.webp
Lee Sin,Ionia,Diver,Jungle,icons/Lee Sin.webp,Lee Sin.webp
Leona,Targon,Vanguard,Support,icons/Leona.webp,Leona.webp
Lillia,Ionia,Skirmisher,Jungle,icons/Lillia.webp,Lillia.webp
Lissandra,Freljord,Burst,Mid,icons/Lissandra.webp,Lissandra.webp
Locke,Demacia,Assassin,Mid,icons/Locke.webp,Locke.webp
Lucian,Demacia,Marksman,Bottom,icons/Lucian.webp,Lucian.webp
Lulu,Bandle city,Enchanter,Support,icons/Lulu.webp,Lulu.webp
Lux,Demacia,"Burst, Artillery","Mid, Support",icons/Lux.webp,Lux.webp
Malphite,Ixtal,Vanguard,"Mid, Support, Top",icons/Malphite.webp,Malphite.webp
Malzahar,The void,Battlemage,Mid,icons/Malzahar.webp,Malzahar.webp
Maokai,Shadow isles,Vanguard,"Jungle, Support",icons/Maokai.webp,Maokai.webp
Master Yi,Ionia,Skirmisher,Jungle,icons/Master Yi.webp,Master Yi.webp
Mel,Noxus,Artillery,"Mid, Support",icons/Mel.webp,Mel.webp
Milio,Ixtal,Enchanter,Support,icons/Milio.webp,Milio.webp
Miss Fortune,Bilgewater,Marksman,Bottom,icons/Miss Fortune.webp,Miss Fortune.webp
Mordekaiser,Noxus,Juggernaut,Top,icons/Mordekaiser.webp,Mordekaiser.webp
Morgana,Demacia,Catcher,Support,icons/Morgana.webp,Morgana.webp
Naafiri,Shurima,Assassin,Mid,icons/Naafiri.webp,Naafiri.webp
Nami,desconocido,Enchanter,Support,icons/Nami.webp,Nami.webp
Nasus,Shurima,Juggernaut,Top,icons/Nasus.webp,Nasus.webp
Nautilus,Bilgewater,Vanguard,Support,icons/Nautilus.webp,Nautilus.webp
Neeko,Ixtal,"Burst, Catcher","Mid, Support",icons/Neeko.webp,Neeko.webp
Nidalee,Ixtal,Specialist,Jungle,icons/Nidalee.webp,Nidalee.webp
Nilah,Kathkan,Skirmisher,Bottom,icons/Nilah.webp,Nilah.webp
Nocturne,desconocido,Assassin,Jungle,icons/Nocturne.webp,Nocturne.webp
Nunu & Willump,Freljord,Vanguard,Jungle,icons/Nunu & Willump.webp,Nunu & Willump.webp
Olaf,Freljord,Diver,Top,icons/Olaf.webp,Olaf.webp
Orianna,Piltover,Burst,Mid,icons/Orianna.webp,Orianna.webp
Ornn,Freljord,Vanguard,Top,icons/Ornn.webp,Ornn.webp
Pantheon,Targon,Diver,"Jungle, Mid, Support, Top",icons/Pantheon.webp,Pantheon.webp
Poppy,Demacia,Warden,"Jungle, Top",icons/Poppy.webp,Poppy.webp
Pyke,Bilgewater,"Assassin, Catcher",Support,icons/Pyke.webp,Pyke.webp
Qiyana,Ixtal,Assassin,Mid,icons/Qiyana.webp,Qiyana.webp
Quinn,Demacia,Specialist,Top,icons/Quinn.webp,Quinn.webp
Rakan,Ionia,Catcher,Support,icons/Rakan.webp,Rakan.webp
Rammus,Shurima,Vanguard,Jungle,icons/Rammus.webp,Rammus.webp
Rek'Sai,The void,Diver,Jungle,icons/Rek'Sai.webp,Rek'Sai.webp
Rell,Noxus,Vanguard,Support,icons/Rell.webp,Rell.webp
Renata Glasc,Zaun,Enchanter,Support,icons/Renata Glasc.webp,Renata Glasc.webp
Renekton,Shurima,Diver,Top,icons/Renekton.webp,Renekton.webp
Rengar,Ixtal,"Assassin, Diver","Jungle, Top",icons/Rengar.webp,Rengar.webp
Riven,Noxus,Skirmisher,Top,icons/Riven.webp,Riven.webp
Rumble,Bandle city,Battlemage,"Mid, Top",icons/Rumble.webp,Rumble.webp
Ryze,desconocido,Battlemage,Mid,icons/Ryze.webp,Ryze.webp
Samira,Noxus,Marksman,Bottom,icons/Samira.webp,Samira.webp
Sejuani,Freljord,Vanguard,Jungle,icons/Sejuani.webp,Sejuani.webp
Senna,Demacia,"Marksman, Enchanter","Bottom, Support",icons/Senna.webp,Senna.webp
Seraphine,Piltover,"Burst, Enchanter","Bottom, Support",icons/Seraphine.webp,Seraphine.webp
Sett,Ionia,Juggernaut,Top,icons/Sett.webp,Sett.webp
Shaco,desconocido,Assassin,"Jungle, Support",icons/Shaco.webp,Shaco.webp
Shen,Ionia,Warden,"Support, Top",icons/Shen.webp,Shen.webp
Shyvana,Demacia,Diver,Jungle,icons/Shyvana.webp,Shyvana.webp
Singed,Zaun,Specialist,Top,icons/Singed.webp,Singed.webp
Sion,Noxus,Vanguard,Top,icons/Sion.webp,Sion.webp
Sivir,Shurima,Marksman,Bottom,icons/Sivir.webp,Sivir.webp
Skarner,Ixtal,"Vanguard, Juggernaut","Jungle, Top",icons/Skarner.webp,Skarner.webp
Smolder,Camavor,Marksman,"Bottom, Mid, Top",icons/Smolder.webp,Smolder.webp
Sona,Demacia,Enchanter,Support,icons/Sona.webp,Sona.webp
Soraka,Targon,Enchanter,Support,icons/Soraka.webp,Soraka.webp
Swain,Noxus,Battlemage,"Bottom, Mid, Support",icons/Swain.webp,Swain.webp
Sylas,Demacia,"Burst, Skirmisher","Mid, Top",icons/Sylas.webp,Sylas.webp
Syndra,Ionia,Burst,Mid,icons/Syndra.webp,Syndra.webp
Tahm Kench,Bilgewater,Warden,"Support, Top",icons/Tahm Kench.webp,Tahm Kench.webp
Taliyah,Shurima,Battlemage,"Jungle, Mid",icons/Taliyah.webp,Taliyah.webp
Talon,Noxus,Assassin,Jungle,icons/Talon.webp,Talon.webp
Taric,Targon,"Enchanter, Warden","Mid, Support",icons/Taric.webp,Taric.webp
Teemo,Bandle city,Specialist,"Jungle, Support, Top",icons/Teemo.webp,Teemo.webp
Thresh,Shadow isles,Catcher,Support,icons/Thresh.webp,Thresh.webp
Tristana,Bandle city,Marksman,"Bottom, Mid",icons/Tristana.webp,Tristana.webp
Trundle,Freljord,Juggernaut,"Jungle, Top",icons/Trundle.webp,Trundle.webp
Tryndamere,Freljord,Skirmisher,Top,icons/Tryndamere.webp,Tryndamere.webp
Twisted Fate,Bilgewater,Burst,"Bottom, Mid, Top",icons/Twisted Fate.webp,Twisted Fate.webp
Twitch,Zaun,Marksman,"Bottom, Support",icons/Twitch.webp,Twitch.webp
Udyr,Freljord,Juggernaut,"Jungle, Top",icons/Udyr.webp,Udyr.webp
Urgot,Zaun,Juggernaut,Top,icons/Urgot.webp,Urgot.webp
Varus,Ionia,"Marksman, Artillery",Bottom,icons/Varus.webp,Varus.webp
Vayne,Demacia,Marksman,"Bottom, Top",icons/Vayne.webp,Vayne.webp
Veigar,Bandle city,Burst,"Mid, Support",icons/Veigar.webp,Veigar.webp
Vel'Koz,The void,Artillery,"Mid, Support",icons/Vel'Koz.webp,Vel'Koz.webp
Vex,Shadow isles,Burst,Mid,icons/Vex.webp,Vex.webp
Vi,Piltover,Diver,Jungle,icons/Vi.webp,Vi.webp
Viego,Shadow isles,Skirmisher,Jungle,icons/Viego.webp,Viego.webp
Viktor,Zaun,Battlemage,Mid,icons/Viktor.webp,Viktor.webp
Vladimir,Noxus,Battlemage,"Mid, Top",icons/Vladimir.webp,Vladimir.webp
Volibear,Freljord,Juggernaut,"Jungle, Top",icons/Volibear.webp,Volibear.webp
Warwick,Zaun,Diver,"Jungle, Top",icons/Warwick.webp,Warwick.webp
Wukong,Ionia,Diver,"Jungle, Top",icons/Wukong.webp,Wukong.webp
Xayah,Ionia,Marksman,Bottom,icons/Xayah.webp,Xayah.webp
Xerath,Shurima,Artillery,"Mid, Support",icons/Xerath.webp,Xerath.webp
Xin Zhao,Demacia,Diver,Jungle,icons/Xin Zhao.webp,Xin Zhao.webp
Yasuo,Ionia,Skirmisher,"Bottom, Mid, Top",icons/Yasuo.webp,Yasuo.webp
Yone,Ionia,"Assassin, Skirmisher","Mid, Top",icons/Yone.webp,Yone.webp
Yorick,Shadow isles,Juggernaut,Top,icons/Yorick.webp,Yorick.webp
Yunara,Ionia,Marksman,Bottom,icons/Yunara.webp,Yunara.webp
Yuumi,Bandle city,Enchanter,Support,icons/Yuumi.webp,Yuumi.webp
Zaahen,Shurima,Skirmisher,Top,icons/Zaahen.webp,Zaahen.webp
Zac,Zaun,Vanguard,"Jungle, Support, Top",icons/Zac.webp,Zac.webp
Zed,Ionia,Assassin,"Jungle, Mid",icons/Zed.webp,Zed.webp
Zeri,Zaun,Marksman,Bottom,icons/Zeri.webp,Zeri.webp
Ziggs,Zaun,Artillery,"Bottom, Mid",icons/Ziggs.webp,Ziggs.webp
Zilean,Shurima,Specialist,Support,icons/Zilean.webp,Zilean.webp
Zoe,Targon,Burst,Mid,icons/Zoe.webp,Zoe.webp
Zyra,Ixtal,Catcher,Support,icons/Zyra.webp,Zyra.webp
