Champion,Region,Role(s),IconFile,Notes
Corki,Bandle city,Marksman,Corki.webp,
Fizz,Bilgewater,Assassin,Fizz.webp,
Gnar,Freljord,Specialist,Gnar.webp,
Heimerdinger,Piltover,Specialist,Heimerdinger.webp,
Kennen,Ionia,Specialist,Kennen.webp,
Kled,Noxus,Skirmisher,Kled.webp,
Lulu,Bandle city,Enchanter,Lulu.webp,
Poppy,Demacia,Warden,Poppy.webp,
Rumble,Bandle city,Battlemage,Rumble.webp,
Teemo,Bandle city,Specialist,Teemo.webp,
Tristana,Bandle city,Marksman,Tristana.webp,
Veigar,Bandle city,Burst,Veigar.webp,
Vex,Shadow isles,Burst,Vex.webp,
Ziggs,Zaun,Artillery,Ziggs.webp,
